<?xml version="1.0" encoding="UTF-8"?>
<root>
  <item name="com.picsart.studio.gifencoder.GifDrawable GifDrawable(android.content.res.Resources, int) 1">
    <annotation name="android.support.annotation.DrawableRes" />
    <annotation name="android.support.annotation.RawRes" />
  </item>
  <item name="com.picsart.studio.gifencoder.GifDrawable com.picsart.studio.gifencoder.GifDrawable createFromResource(android.content.res.Resources, int) 1">
    <annotation name="android.support.annotation.DrawableRes" />
    <annotation name="android.support.annotation.RawRes" />
  </item>
</root>

